Country,City,University
Argentina,Buenos Aires,Instituto Tecnológico de Buenos Aires
Australia,Adelaide,Flinders University (Adelaide)
Australia,Adelaide,University of Adelaide
Australia,Adelaide ,University of South Australia
Australia,Bentley,Curtin University (Bentley)
Australia,Brisbane,Queensland University of Technology
Australia,Brisbane,University of Queensland
Australia,Callaghan,The University of Newcastle
Australia,Canberra ,Australian National University
Australia,Canberra ,University of New South Wales - Australian Defence Force Academy
Australia,Geelong,Deakin University
Australia,Joondalup,Edith Cowan University
Australia,Melbourne,Monash University (Melbourne)
Australia,Melbourne,RMIT University (Melbourne)
Australia,Melbourne,Swinburne University of Technology
Australia,Melbourne,University of Melbourne
Australia,Melbourne ,"Victoria University, Australia"
Australia,Mt Helen,Federation University Australia
Australia,Nathan,Griffith University (Nathan)
Australia,Penrith,Western Sydney University
Australia,Perth,University of Western Australia (Perth)
Australia,Sandy Bay,University of Tasmania
Australia,Sydney,University of New South Wales
Australia,Sydney,University of Sydney
Australia,Sydney,"University of Technology, Sydney"
Australia,Toowoomba ,University of Southern Queensland
Australia,Townsville,James Cook University (Townsville)
Australia,Wollongong,University of Wollongong
Austria,Graz,Fachhochschule Joanneum Graz
Austria,Graz,Technische Universität Graz
Austria,Innsbruck,Leopold-Franzens-Universität Innsbruck
Austria,Wien,FH Campus Wien
Austria,Wien,Technische Universität Wien
Bangladesh,Khulna,Khulna University of Engineering & Technology
Bangladesh,Rajshahi,Rajshahi University of Engineering & Technology
Belgium,Antwerpen,Karel de Grote University College
Belgium,Brussels,Vrije Universiteit Brussel
Belgium,Ghent,Ghent University
Belgium,Leuven,KU Leuven - Group T Campus
Belgium,Sint-Katelijne-Waver,Thomas More Mechelen - De Nayer (Sint-Katelijne-Waver)
Bosnia and Herzegovina,Mostar,University of Mostar
Bosnia and Herzegovina,Sarajevo,University of Sarajevo
Brazil,Aracaju,Universidade Federal de Sergipe
Brazil,Araçatuba,UniSALESIANO Araçatuba
Brazil,Bauru,São Paulo State University - UNESP - Bauru
Brazil,Belo Horizonte,Centro Federal de Educação Tecnológica de Minas Gerais
Brazil,Belo Horizonte,Universidade Federal de Minas Gerais
Brazil,Brasília,Universidade de Brasília
Brazil,Campina Grande,Federal University of Paraíba
Brazil,Campina Grande,Universidade Federal de Campina Grande
Brazil,Campinas,Universidade Estadual de Campinas
Brazil,Campinas,Universidade Paulista - Campinas - Campus II
Brazil,Cascavel,Universidade Estadual do Oeste do Paraná
Brazil,Chapecó,Universidade Comunitária Regional de Chapecó
Brazil,Cuiabá,Universidade Federal de Mato Grosso (Cuiabá)
Brazil,Curitiba,Universidade Federal do Paraná
Brazil,Curitiba,Universidade Tecnológica Federal do Paraná
Brazil,Florianópolis,Universidade Federal de Santa Catarina
Brazil,Fortaleza,Universidade Federal do Ceará
Brazil,Guaratinguetá,Universidade Estadual Paulista - Guaratinguetá
Brazil,Ilha Solteira,UNESP - Campus de Ilha Solteira
Brazil,Itabira,Universidade Federal de Itajubá - Itabira
Brazil,Itajubá,Universidade Federal de Itajubá - Itajubá
Brazil,Joinville,Universidade Federal de Santa Catarina - Joinville
Brazil,Lavras,Universidade Federal De Lavras
Brazil,Lorena,Escola de Engenharia de Lorena da Universidade de São Paulo
Brazil,Niterói,Universidade Federal Fluminense - Niterói
Brazil,Porto Alegre,Universidade Federal do Rio Grande do Sul
Brazil,Rio de Janeiro,Centro Federal de Educação Tecnológica Celso Suckow da Fonseca
Brazil,Rio de Janeiro,Universidade Federal do Rio de Janeiro
Brazil,Salvador,Centro integrado de Manufatura e Tecnologia - SENAI/CIMATEC
Brazil,Salvador,Universidade Federal da Bahia (Salvador)
Brazil,Santa Maria,Universidade Federal de Santa Maria
Brazil,São Bernardo do Campo,Centro Universitário da FEI
Brazil,São Caetano do Sul,Instituto Mauá de Tecnologia
Brazil,São Carlos,Escola de Engenharia de São Carlos da Universidade de São Paulo
Brazil,São Carlos,Universidade Federal de São Carlos
Brazil,São João del-Rei,Universidade Federal de São João del Rei
Brazil,São José dos Campos,Universidade Paulista
Brazil,Sao Paulo,Escola Politécnica da Universidade de São Paulo
Brazil,Sorocaba,Centro Universitário Facens (Sorocaba)
Brazil,Sorocaba,Universidade Paulista - Sorocaba
Brazil,Tucuruí,Universidade Federal do Pará - Campus Tucuruí - UFPA
Brazil,Uberlândia,Universidade Federal de Uberlândia - UFU
Brazil,Viçosa,Universidade Federal de Viçosa
Brazil,Volta Redonda,Polo Universitario de Volta Redonda - Universidade Federal Fluminense
Bulgaria,Sofia ,Technical University of Sofia
Canada,Burnaby,Simon Fraser University
Canada,Calgary,University of Calgary
Canada,Chicoutimi,Université du Québec à Chicoutimi
Canada,Edmonton,University of Alberta (Edmonton)
Canada,Fredericton,University of New Brunswick (Fredericton)
Canada,Guelph,University of Guelph
Canada,Halifax,Dalhousie University
Canada,Hamilton,McMaster University (Hamilton)
Canada,Kelowna,University of British Columbia - Okanagan
Canada,Kingston,Queen's University
Canada,London,Fanshawe College
Canada,London,Western University (London)
Canada,Montréal,Cégep du Vieux Montréal
Canada,Montréal,Concordia University
Canada,Montréal,École de Technologie Superieure
Canada,Montréal,École Polytechnique de Montréal
Canada,Montréal,McGill University (Montréal)
Canada,Oshawa,University of Ontario Institute of Technology
Canada,Ottawa,Carleton University
Canada,Ottawa,University of Ottawa
Canada,Quebec City,Université Laval (Quebec City)
Canada,Regina,University of Regina
Canada,Saint-Hubert,École nationale d'aérotechnique
Canada,Saskatoon,University of Saskatchewan
Canada,Sherbrooke,Université de Sherbrooke
Canada,St. John's,Memorial University of Newfoundland
Canada,Thunder Bay,Lakehead University
Canada,Toronto,Ryerson University (Toronto)
Canada,Toronto,University of Toronto
Canada,Trois-Rivières,Université du Québec à Trois-Rivières
Canada,Vancouver,University of British Columbia - Vancouver
Canada,Victoria,University of Victoria
Canada,Waterloo,University of Waterloo
Canada,Windsor,University of Windsor
Canada,Winnipeg,University of Manitoba
China,Beijing,Beihang University
China,Beijing,Beijing Institute of Technology
China,Beijing,Tsinghua University (Beijing)
China,Changchun,Jilin University (Changchun)
China,Changsha,Central South University - Changsha (Changsha)
China,Changsha,Hunan University (Changsha)
China,Guangzhou,Guangdong University of Technology (Guangzhou)
China,Guangzhou,South China University of Technology
China,Hangzhou,Zhejiang University City College
China,Hefei,Hefei University of Technology
China,Jiaxing City,TongJi ZheJiang College (Jiaxing City)
China,Jinzhou,Liaoning University of Technology (Jinzhou)
China,Liuzhou,Guangxi Science and Technology University Lushan College
China,Liuzhou,Guangxi University of Science and Technology (Liuzhou)
China,Qingdao,Qingdao Technological University
China,Shanghai,Shanghai Jiao Tong University
China,Shanghai,Tongji University (Shanghai)
China,Shenyang,Northeastern University
China,Shiyan,Hubei University of Automotive Technology
China,Tianjin,Tianjin University
China,Tianjin,Tianjin University Internal Combustion Engine Research Institute
China,Weihai,Harbin Institute of Technology at Weihai
China,Xiamen,Xiamen University of Technology
Colombia,Pereira,Universidad Tecnológica de Pereira
Croatia,Rijeka,University of Rijeka
Croatia,Split,University of Split
Croatia,Zagreb ,University of Zagreb
Cyprus,Nicosia,Frederick University
Czech Republic,Brno,Brno University of Technology
Czech Republic,Liberec,Technical University of Liberec
Czech Republic,Ostrava,VŠB - Technical University of Ostrava
Czech Republic,Plzen,University of West Bohemia (Plzen)
Czech Republic,Prague,Czech Technical University in Prague
Czech Republic,Prague,Czech University of Life Sciences Prague
Denmark,Aalborg,Aalborg University
Denmark,Horsens,VIA University College (Horsens)
Denmark,Kgs. Lyngby,Technical University of Denmark (Kgs. Lyngby)
Denmark,Odense,University of Southern Denmark (Odense)
Ecuador,Cuenca,Universidad Politecnica Salesiana
Ecuador,Latacunga,Universidad de las Fuerzas Armadas - ESPE (Latacunga)
Ecuador,Quito,Universidad Tecnológica Equinoccial
Egypt,Alexandria,Alexandria University
Egypt,Alexandria,"Arab Academy for Science, Technology & Maritime Transport (AASTMT) (Alexandria)"
Egypt,Ash Sharqia,Higher Technological Institute
Egypt,Assiut,Assiut University
Egypt,Cairo,Ain Shams University (Cairo)
Egypt,Giza,Cairo University (Giza)
Egypt,Helwan,Helwan University (‏جامعة حلوان)
Egypt,Kafr El-Shaikh,Kafrelsheikh University (Kafr El-Shaikh)
Egypt,Mansoura,Mansoura University
Egypt,Menoufiya,Menoufia University
Egypt,New Cairo,Canadian International Collage - New Cairo
Egypt,New Cairo,German University in Cairo
Egypt,Qena,South Valley University
Egypt,Zagazig,Zagazig University
Estonia,Tallinn,Tallinn TU UAS
Finland,Espoo,Aalto University (Espoo)
Finland,Espoo,Helsinki University of Technology (Espoo)
Finland,Helsinki,Helsinki Metropolia University of Applied Sciences
Finland,Oulu,University of Oulu
Finland,Tampere,TAMK University of Applied Sciences
France,Brest,ENSTA Bretagne
France,Châtenay-Malabry,École Centrale Paris
France,Douai,École des Mines de Douai
France,Ecully,École Centrale de Lyon (Ecully)
France,Laval,ESTACA - West (Ecole Supérieure des Techniques Aéronautiques et de Construction Automobile)
France,Levallois-Perret,ESTACA - Paris-Saclay (Ecole Supérieure des Techniques Aéronautiques et de Construction Automobile) (Levallois-Perret)
France,Metz,Ecole Nationale d'Ingénieurs de Metz
France,Nevers,University of Burgundy - ISAT (Nevers)
France,Rennes,Institut National des Sciences Appliquées de Rennes
France,Sceaux,EPF Ecole d'ingénieur-e-s Paris (Sceaux)
France,Tarbes,Ecole Nationale d'Ingénieurs de Tarbes
France,Versailles,Université de Versailles-Saint-Quentin-en-Yvelines
France,Villeurbanne,National Institute of Applied Sciences Lyon (Villeurbanne)
Germany,Aachen,Fachhochschule Aachen
Germany,Aachen,Rheinisch-Westfälische Technische Hochschule Aachen
Germany,Aalen,Hochschule Aalen - Technik und Wirtschaft
Germany,Amberg,Ostbayerische Technische Hochschule Amberg-Weiden (OTH)
Germany,Augsburg,Hochschule für angewandte Wissenschaften Augsburg
Germany,Bayreuth,Universität Bayreuth
Germany,Berlin,Berlin School of Economics
Germany,Berlin,Hochschule für Technik und Wirtschaft Berlin
Germany,Berlin,Technische Universität Berlin
Germany,Bochum,Ruhr-Universität Bochum
Germany,Braunschweig,Technische Universität Braunschweig
Germany,Bremen,Universität Bremen
Germany,Chemnitz,Technische Universität Chemnitz
Germany,Clausthal,Technische Universität Clausthal
Germany,Coburg,Fachhochschule Coburg
Germany,Cottbus,Brandenburgische Technische Universität Cottbus
Germany,Darmstadt,"Hochschule Darmstadt, UAS"
Germany,Darmstadt,Technische Universität Darmstadt
Germany,Deggendorf,Deggendorf Institute of Technology
Germany,Diepholz,Fachhochschule für Wirtschaft und Technik
Germany,Dortmund,Fachhochschule Dortmund
Germany,Dortmund,Technische Universität Dortmund
Germany,Dresden,Technische Universität Dresden
Germany,Duisburg,Universität Duisburg-Essen
Germany,Düsseldorf,Hochschule Düsseldorf
Germany,Erlangen,Friedrich-Alexander-Universität Erlangen-Nürnberg
Germany,Esslingen,Hochschule Esslingen
Germany,Frankfurt a.M.,Fachhochschule Frankfurt am Main
Germany,Freiberg,Technische Universität Bergakademie Freiberg
Germany,Gießen,Technische Hochschule Mittelhessen (Gießen)
Germany,Göttingen,Hochschule für angewandte Wissenschaft und Kunst Hildesheim/Holzminden/Göttingen
Germany,Hamburg,Helmut Schmidt Universität / Universität der Bundeswehr Hamburg
Germany,Hamburg,Hochschule für Angewandte Wissenschaften Hamburg
Germany,Hamburg,Technische Universität Hamburg-Harburg
Germany,Hannover,Fachhochschule Hannover
Germany,Hannover,Leibniz Universität Hannover
Germany,Heilbronn,Hochschule Heilbronn
Germany,Hof,Hochschule für Angewandte Wissenschaften Hof
Germany,Horb am Neckar,Duale Hochschule Baden-Württemberg Stuttgart Campus Horb
Germany,Ilmenau,Technische Universität Ilmenau
Germany,Ingolstadt,Technische Hochschule Ingolstadt
Germany,Kaiserslautern,Technische Universität Kaiserslautern
Germany,Karlsruhe,Hochschule Karlsruhe - Technik und Wirtschaft
Germany,Karlsruhe,Karlsruhe Institute of Technology
Germany,Kassel,Universität Kassel
Germany,Kempten,UAS Kempten
Germany,Kiel,Fachhochschule Kiel
Germany,Kleve,Rhein-Waal University of Applied Sciences
Germany,Koblenz,Koblenz University of Applied Science
Germany,Köln,Technische Hochschule Köln
Germany,Köln,Universität zu Köln
Germany,Konstanz,Fachhochschule Konstanz
Germany,Krefeld,Hochschule Niederrhein (Krefeld)
Germany,Landshut ,Hochschule Landshut
Germany,Lemgo,Technische Hochschule Ostwestfalen-Lippe (Lemgo)
Germany,Lübeck,Technische Hochschule Lübeck
Germany,Magdeburg,Otto-von-Guericke-Universität Magdeburg
Germany,Mannheim,Duale Hochschule Baden-Württemberg - Mannheim
Germany,Mannheim,Hochschule Mannheim
Germany,Mittweida,Hochschule für Technik und Wirtschaft Mittweida
Germany,Mosbach,Duale Hochschule Baden-Württemberg Mosbach
Germany,Mülheim a.d.R.,Hochschule Ruhr West - UAS (Mülheim a.d.R.)
Germany,München,Fachhochschule München
Germany,München,Ludwig-Maximilians-Universität München
Germany,München,Technical University of Munich
Germany,München,Universität der Bundeswehr München
Germany,Nürnberg,Georg-Simon-Ohm-Hochschule Nürnberg
Germany,Offenburg,Hochschule Offenburg
Germany,Osnabrück,Fachhochschule Osnabrück
Germany,Paderborn,Universität Paderborn
Germany,Pforzheim,Hochschule Pforzheim
Germany,Ravensburg,Duale Hochschule Baden-Württemberg Ravensburg
Germany,Regensburg,Ostbayerische Technische Hochschule Regensburg
Germany,Saarbrücken,Saarland University (Saarbrücken)
Germany,Sankt Augustin,Hochschule Bonn-Rhein-Sieg (Sankt Augustin)
Germany,Schmalkalden,FH Schmalkalden
Germany,Schweinfurt,UAS Würzburg-Schweinfurt
Germany,Siegen,Universität Siegen
Germany,Stralsund,Fachhochschule Stralsund
Germany,Stuttgart ,Duale Hochschule Baden-Württemberg Stuttgart
Germany,Stuttgart,Universität Stuttgart
Germany,Ulm,Fachhochschule Ulm
Germany,Weingarten,University of Applied Sciences Ravensburg-Weingarten
Germany,Wiesbaden,Hochschule RheinMain (Wiesbaden)
Germany,Wilhelmshaven,Jade Hochschule (Wilhelmshaven)
Germany,Wolfenbüttel,Ostfalia University of Applied Sciences (Wolfenbüttel)
Germany,Wuppertal,Bergische Universität Wuppertal
Germany,Zwickau,Westsächsische Hochschule Zwickau
Greece,Athens,National Technical University of Athens
Greece,Athens,University of West Attica (Athens)
Greece,Kozani,Technological Educational Institute of Western Macedonia (Kozani)
Greece,PATRA,Technological Educational Institute of Western Greece
Greece,Patras,University of Patras
Greece,Thessaloniki,Aristotle University of Thessaloniki
Greece,Volos,University of Thessaly (Volos)
Greece,Xanthi,Democritus University of Thrace (Xanthi)
Hungary,Budapest,Budapest University of Technology and Economics
Hungary,Győr,Széchenyi István University (Győr)
Hungary,Kecskemét,Neumann János University
Hungary,Miskolc,University of Miskolc
Hungary,Pécs,University of Pécs
Iceland,Reykjavík,Reykjavík University
Iceland,Reykjavík,University of Iceland (Reykjavík)
India,Ahmedabad,Indus University (Ahmedabad)
India,Aligarh,Aligarh Muslim University
India,Alwar,Laxmi Devi Institute of Engineering & Technology (Alwar)
India,Ambav,Rajendra Mane College of Engineering and Technology
India,Aurangabad,"Government College of Engineering, Aurangabad"
India,Aurangabad,MGM's Jawaharlal Nehru Engineering College (Aurangabad)
India,Bangalore ,Bangalore Institute of Technology
India,Bangalore,BMS College of Engineering
India,Bangalore,Nitte Meenakshi Institute of Technology
India,Bangalore,PES Institute of Technology (Bangalore)
India,Bangalore,PES University (Bangalore)
India,Bangalore,R.V.College of Engineering (Bangalore)
India,Bangalore,Ramaiah Institute of Technology
India,Bangalore ,Sir M. Visvesvaraya Institute of Technology
India,Bangalore,Sri Venkateshwara College of Engineering - Bangalore
India,Bangalore,Visvesvaraya Technological University
India,Belgaum,Gogte Institute of Technology (Belgaum)
India,Bengaluru,Acharya Institute of Technology
India,Bhopal,Oriental Institute of Science & Technology
India,bhopal,University Institute of Technology RGPV Bhopal
India,Bhubaneswar,Kalinga Institute of Industrial Technology (Bhubaneswar)
India,Bikaner,Engineering College Bikaner
India,Calicut,National Institute of Technology - Calicut
India,Chandigarh,Chandigarh College of Engineering and Technology
India,Chandigarh,Chandigarh Engineering College
India,Chandigarh,Panjab University
India,Chandigarh,PEC University of Technology
India,Changa,Charotar University of Science and Technology
India,Chennai,Hindustan Institute of Technology and Science
India,Chennai,Indian Institute of Technology Madras (Chennai)
India,Chennai,Madras Institute of Technology
India,Chennai,RMK Engineering College (Chennai)
India,Chennai,Sri Sairam Engineering College
India,Chennai,SRM Institute of Science and Technology - Kattankulathur (Chennai)
India,Chennai,SRM Institute of Science and Technology - Ramapuram (Chennai)
India,Chennai,Vel Tech Multi Tech Dr.Rangarajan Dr.Sakunthala Engineering College
India,Chennai,VIT University - Chennai
India,Coimbatore,"Amrita School of Engineering, Coimbatore (Coimbatore)"
India,Coimbatore,Dr. Mahalingam College of Engineering and Technology (Coimbatore)
India,Coimbatore,Kumaraguru College of Technology (Coimbatore)
India,Coimbatore,PSG College of Technology (Coimbatore)
India,Coimbatore,PSG Institute of Advanced Studies (Coimbatore)
India,Coimbatore,Sri Krishna College of Engineering And Technology
India,Coimbatore,United Institute of Technology
India,Dehradun,DIT University
India,Dehradun,Graphic Era University (Dehradun)
India,Delhi,Delhi Technological University
India,Delhi,Gandhi Institute of Research and Development
India,Delhi,Guru Gobind Singh Indraprastha University
India,Delhi,HMR Institute of Technology & Management
India,Dhanbad,Indian Institute of Technology Dhanbad
India,Dhanbad,Indian School of Mines
India,Faridabad,"J.C. Bose University of Science and Technology, YMCA (Faridabad)"
India,Faridabad,Manav Rachna International University (Faridabad)
India,Gandhinagar,Gujarat Technological University (Gandhinagar)
India,Gautam Buddha Nagar,Galgotias University (Gautam Buddha Nagar)
India,Greater Noida,"Sharda University, Greater Noida"
India,Guwahati,Indian Institute of Technology Guwahati
India,Haldia,Haldia Institute of Technology
India,Howrah,MCKV Institute of Engineering
India,Hubballi,KLE Technological University (Hubballi)
India,Hyderabad,Chaitanya Bharathi Institute of Technology (Hyderabad)
India,Hyderabad,Guru Nanak Institute of Technology
India,Hyderabad,MVSR Engineering College
India,hyderabad,Vasavi College of Engineering
India,Hyderabad,Vidya Jyothi Institute of Technology
India,Hyderabad,VNR Vignana Jyothi Institute of Engineering and Technology
India,Ichalkaranji,DKTE Society's Textile and Engineering Institute
India,Indore,Acropolis Technical Campus Indore
India,Indore,Medi-Caps University
India,Indore,Shri G.S. Institute of Technology and Science Indore
India,Jaipur,Jaipur Engineering College and Research Centre
India,Jalandhar ,National Institute of Technology - Jalandhar
India,Jamshedpur,National Institute of Technology - Jamshedpur
India,Kanpur,Indian Institute of Technology Kanpur
India,Kharagpur,Indian Institute of Technology Kharagpur
India,Kolhapur,"D. Y. Patil College of Engineering & Technology, Kasaba Bawada, Kolhapur "
India,Kolhapur,Shivaji University
India,Kollam,TKM  College of Engineering
India,Kottayam,MCT's Rajiv Gandhi Institute of Technology (Kottayam)
India,Kurukshetra,National Institute of Technology - Kurukshetra
India,Malout,Malout Instiue Of Management And Information Technology
India,Mangalore,National Institute of Technology - Karnataka (Mangalore)
India,Mangaluru,Mangalore Institute of Technology and Engineering
India,Manglore,Sahyadri College of Engineering & Management (Manglore)
India,Manipal,Manipal Academy of Higher Education
India,Modinagar,"SRM Institute of Science and Technology, NCR Campus"
India,Mohali,Chandigarh University (Mohali)
India,Mumbai,Don Bosco Institute of Technology
India,Mumbai,Dwarkadas. J. Sanghvi College of Engineering (Mumbai)
India,Mumbai,Fr Conceicao Rodrigues College of Engineering
India,Mumbai,G.V.Acharya Institute of Engineering & Technology (Mumbai)
India,Mumbai,Indian Institute of Technology Bombay (Mumbai)
India,Mumbai,K. J. Somaiya College of Engineering (Mumbai)
India,Mumbai,M.H. Saboo Siddik College of Engineering (Mumbai)
India,Mumbai,Mukesh Patel School of Technology Management and Engineering
India,Mumbai,Rajiv Gandhi Institute of Technology - Mumbai
India,Mumbai,"Sardar Patel College of Engineering, Mumbai (Mumbai)"
India,Mumbai,Thakur College of Engineering and Technology (Mumbai)
India,Mysore,"The National Institute of Engineering, Mysore"
India,Nagpur,St. Vincent Pallotti College of Engineering and Technology
India,Nanded,Shri Guru Gobind Singhji Institute Of Engineering And Technology (Nanded)
India,Nashik,Sandip University
India,Navi Mumbai,Bharati Vidyapeeth College of Engineering
India,Navi Mumbai,Datta Meghe College of Engineering (Navi Mumbai)
India,Navi Mumbai,Lokmanya Tilak College of Engineering (Navi Mumbai)
India,Navi Mumbai,Pillai College Of Engineering (Navi Mumbai)
India,Navi Mumbai,Saraswati College of Engineering
India,New Delhi,Indian Institute of Technology Delhi
India,New Delhi,Indira Gandhi Delhi Technical University for Women (New Delhi)
India,New Delhi,Jamia Millia Islamia
India,New Delhi,Maharaja Agrasen Institute of Technology (New Delhi)
India,New Delhi,Netaji Subhas Institute of Technology
India,New Delhi,University of Delhi
India,Noida,Amity School of Engineering and Technology (Noida)
India,Noida,"J.S.S. Academy of Technical Education, Noida"
India,Palghar,Vidyavardhini's College of Engineering and Technology (Palghar)
India,Patiala,Punjabi University
India,Patiala,Thapar Institute of Engineering and Technology (Patiala)
India,Pennalur,Sri Venkateswara College of Engineering
India,Phagwara,Lovely Professional University
India,Pilani,"Birla Institute of Technology & Science , Pilani"
India,Ponda,Indian Institute of Technology Goa
India,Pune,AISSMS (All India Shri Shivaji Memorial Society's) College of Engineering (Pune)
India,Pune,College of Engineering Pune
India,Pune,"D.Y. Patil School of Engineering Academy, Ambi (Pune)"
India,Pune,Dr. D. Y. Patil Institute Of Engineering and Technology (Pune)
India,Pune,DY Patil College of Engineering Akurdi (Pune)
India,Pune,Maharashtra Institute of Technology
India,Pune,MIT World Peace University
India,Pune,NBN Sinhgad School Of Engineering (Pune)
India,pune,P.E.S. Modern College of Engineering
India,Pune,Padmabhooshan Vasantdada Patil Institute Of Technology (Pune)
India,Pune,Pimpri Chinchwad College Of Engineering (Pune)
India,Pune,Pimpri Chinchwad College Of Engineering & Research (Pune)
India,Pune,Pune Vidyarti Griha's college of Engineering and Technology
India,Pune,Rajarshi Shahu College Of Engineering (Pune)
India,pune,"Rajashrishau School of Engineering and Research , Narhe"
India,Pune,RMD Sinhgad School of Engineering
India,Pune,Savitribai Phule Pune University
India,Pune,Sinhgad Academy Of Engineering (Pune)
India,Pune,"Sinhgad College of Engineering, Vadgaon (Pune)"
India,Pune,Smt. Kashibai Navale College of Engineering (Pune)
India,Pune,Symbiosis Institute of Technology
India,Pune,TSSM’s Bhivarabai Sawant College of Engineering & Research
India,Pune,Vishwakarma Institute of Information Technology
India,Pune,Vishwakarma Institute of Technology (Pune)
India,Pune,Zeal College of Engineering and Research
India,Punjab,"Chitkara University, Punjab"
India,Ranchi,"Birla Institute of Technology, Mesra"
India,Ranchi,National Institute of Foundry and Forge Technology (Ranchi)
India,Roorkee,Indian Institute of Technology Roorkee
India,Ropar,Rayat Institute of Engineering and Information Technology
India,Rourkela,National Institute of Technology - Rourkela
India,Sambalpur,Veer Surendra Sai University of Technology
India,Sangamner,"Amrutvahini College Of Engineering, Sangamner"
India,Sangli,Rajarambapu Institute of Technology
India,Sathyamangalam,Bannari Amman Institute of Technology (Sathyamangalam)
India,Shegaon,Shri Sant Gajanan Maharaj CE
India,Sikar,Bhartiya Institute of Engineering and Technology
India,Solapur,Nagesh Karajagi Orchid College Of Engineering & Technology
India,solapur,Solapur University
India,Sonepat,Deenbandhu Chhotu Ram University of  Science & Technology
India,Surat,Sardar Vallabhbhai National Institute of Technology (Surat)
India,Thane,"A.P. Shah Institute of Technology, Thane"
India,Vellore,VIT University - Vellore
India,Vijayawada,K L University (Vijayawada)
India,Warangal,"Kakatiya Institute of Technology and Science, Warangal (Warangal)"
India,Warangal,National Institute of Technology - Warangal
India,Zuarinagar,BITS Pilani KK Birla Goa Campus
Indonesia,Bandung,Institute of Technology Bandung
Indonesia,Depok,University of Indonesia (Depok)
Indonesia,Sleman,Islamic University of Indonesia (Sleman)
Indonesia,Surabaya,Sepuluh Nopember Institute of Technology
Indonesia,Surakarta,Sebelas Maret University (Surakarta)
Indonesia,Yogyakarta,Gadjah Mada University
Indonesia,Yogyakarta,Universitas Negeri Yogyakarta
Iran,Arak,Iran University of Science and Technology - Arak
Iran,Isfahan,Isfahan University of Technology
Iran,Karaj,Islamic Azad University of Karaj
Iran,Kermanshah,Razi University
Iran,Mashhad ,Ferdowsi University of Mashad
Iran,Tehran,Iran University of Science and Technology
Iran,Tehran,Sharif University of Technology
Iran,Tehran,University of Tehran
Ireland,Dublin,Technological University Dublin
Ireland,Dublin,"Trinity College, University of Dublin"
Ireland,Dublin,University College Dublin
Israel,Be'er Sheva,Ben-Gurion University of the Negev (Be'er Sheva)
Israel,Haifa,Technion - Israel Institute of Technology
Israel,Tel Aviv,Tel Aviv University
Italy,Ancon,Marche Polytechnic University
Italy,Arcavacata di Rende,Università della Calabria (Arcavacata di Rende)
Italy,Bari,Politecnico di Bari
Italy,Bologna,Alma Mater Studiorum - Università di Bologna
Italy,Brescia,University of Brescia
Italy,Cagliari,Università degli Studi di Cagliari
Italy,Caserta,Università degli Studi della Campania Luigi Vanvitelli (Caserta)
Italy,Cassino,Università degli Studi di Cassino e del Lazio Meridionale
Italy,Catania ,Università degli Studi di Catania
Italy,Ferrara,Università degli Studi di Ferrara
Italy,Firenze,Università degli Studi di Firenze
Italy,Fisciano ,Università degli Studi di Salerno
Italy,Lecce,Università del Salento (Lecce)
Italy,MEssina,University of Messina
Italy,Milano,Politecnico di Milano
Italy,Modena,University of Modena and Reggio Emilia
Italy,Napoli,Università degli Studi di Napoli Federico II
Italy,Padova,Università degli studi di Padova
Italy,Parma,Università degli Studi di Parma
Italy,Perugia,University of Perugia
Italy,Pisa,Università di Pisa
Italy,Roma,"Università degli Studi di Roma ""La Sapienza"""
Italy,Roma,Università degli Studi di Roma Tor Vergata
Italy,Trento,Università degli Studi di Trento
Italy,Trieste,Università degli studi di Trieste
Italy,Turin,Politecnico di Torino
Italy,Viterbo,Università degli Studi della Tuscia (Viterbo)
Japan,Akita,Akita Prefectural University
Japan,Atsugi,Kanagawa Institute of Technology
Japan,Chiba,Chiba University
Japan,Daitō,Osaka Sangyo University
Japan,Fuchū,Tokyo University of Agriculture and Technology
Japan,Fujisawa,Shonan Institute of Technology
Japan,Fukaya,Saitama Institute of Technology
Japan,Fukui,Fukui University of Technology
Japan,Fukui,University of Fukui
Japan,Fukuoka,Aso College of Automotive Engineering and Technology (Fukuoka)
Japan,Fukuoka,Kyushu University
Japan,Fukuroi ,Shizuoka Institute of Science and Technology
Japan,Gifu,Gifu University
Japan,Gyōda,Institute of Technologists
Japan,Hachioji,Tokyo Metropolitan University
Japan,Hatoyama,Tokyo Denki University (Hatoyama)
Japan,Higashi,Kyushu Sangyo University
Japan,Higashiōsaka,Kinki University
Japan,Hiroschima,Hiroshima Institute of Technology
Japan,Hiroshima,Hiroshima University
Japan,Iwate,Iwate University
Japan,Kami,Kochi University of Technology
Japan,Kanagawa,Tokai University
Japan,Kanazawa,Kanazawa University
Japan,Kansai,Honda Technical College Kansai
Japan,Kanto,Honda Technical College Kanto
Japan,Kashiwazaki ,Niigata Institute of Technology
Japan,Kitakyushu,The University of Kitakyushu
Japan,Kobe ,Kobe University
Japan,Kofu,University of Yamanashi
Japan,Kōtō,Shibaura Institute of Technology
Japan,Kumamoto,Sojo University (Kumamoto)
Japan,Kurume ,Kurume Institute of Technology
Japan,Kyoto,Doshisha University
Japan,Kyoto,Kyoto University
Japan,Kyoto ,Ritsumeikan University
Japan,Maebashi,Gunma University (Maebashi)
Japan,Minato,Keio University
Japan,Mito,Ibaraki University
Japan,Miyashiro,Nippon Institute of Technology
Japan,Musashino,Seikei University
Japan,Nagoya,Daido Institute of Technology
Japan,Nagoya,Meijo University
Japan,Nagoya,Nagoya Institute of Technology
Japan,Nagoya,Nagoya University
Japan,Nagoya,Toyota Technical College Nagoya
Japan,Narashino,Chiba Institute of Technology
Japan,Narashino,"College of Industrial Technology, Nihon University"
Japan,Narita,Nihon Automobile College
Japan,Neyagawa,Setsunan University
Japan,Niigata,Niigata University
Japan,Nonoichi ,Kanazawa Institute of Technology
Japan,Okayama,Okayama University
Japan,Okayama,Okayama University of Science
Japan,Osaka,Osaka City University
Japan,Osaka,Osaka Institute of Technology
Japan,Saitama City,Saitama University
Japan,Sakai,Osaka Prefecture University
Japan,Sakyō-ku,Kyoto Institute of Technology
Japan,Sanyo-Onoda,Sanyo-Onoda City University at Tokyo University of Science
Japan,Sapporo,Hokkaido Automotive Engineering College
Japan,Sapporo,Hokkaido University
Japan,Sendai ,Tohoku University
Japan,Setagaya,Kokushikan University
Japan,Shinjuku,Kogakuin University
Japan,Shinjuku,Waseda University
Japan,Shinjyuku,Tokyo University of Science
Japan,Shizuoka,Shizuoka Professional College of Automobile Technology
Japan,Shizuoka,Shizuoka University
Japan,Suita,Osaka University
Japan,Tamura,WIZ International College of Information and Technology (Tamura)
Japan,Tobata,Kyushu Institute of Technology
Japan,Tokyo,Aoyama Gakuin University
Japan,Tokyo,"College of Science and Technology, Nihon University"
Japan,Tokyo,Meisei University
Japan,Tokyo,Sophia University
Japan,Tokyo,Teikyo University
Japan,Tokyo,The University of Tokyo
Japan,Tokyo ,Tokyo City University
Japan,Tokyo,Tokyo Institute of Technology
Japan,Tokyo ,Tokyo Metropolitan College of Industrial Technology
Japan,Tokyo,Tokyo Tech Car College Setagaya
Japan,Tottori,Tottori University
Japan,Toyama,University of Toyama
Japan,Toyohashi,Toyohashi University of Technology
Japan,Toyota,Aichi Institute of Technology (Toyota)
Japan,Ueda City,Faculty of Textile Science & Technology. Shinshu University
Japan,Utsunomiya,Utsunomiya University
Japan,Yamagata,Yamagata University
Japan,Yokohama ,Yokohama National University
Japan,Yokohama-shi,Kanagawa University
Jordan,Irbid ,Jordan University of Science and Technology
Kazakhstan,Astana,Nazarbayev University
Lithuania,Vilnius,Vilnius Gediminas Technical University
Malaysia,Serdang,University Putra Malaysia (Serdang)
Malaysia,Shah Alam,Universiti Teknologi MARA
Malaysia,Subang Jaya,Taylor's University (Subang Jaya)
Malaysia,Tronoh,Universiti Teknologi Petronas
Malta,Malta,University of Malta
Mexico,Chihuahua,Instituto Tecnológico de Chihuahua
Mexico,Ecatepec de Morelos,Escuela Superior de Ingeniería Automotriz (ESIA) Tlalnepa
Mexico,Mexico City,Escuela Superior de Ingeniería Mecánica y Electrica Unidad Politécnica Ticomán
Mexico,Mexico City,Instituto Politécnico Nacional
Mexico,Mexico City,Tecnológico de Monterrey (ITESM) - Santa Fe
Mexico,Mexico City,Unidad Profesional Interdisciplinaria en Ingeniería y Tecnologías Avanzadas or UPIITA
Mexico,México City,Universidad Iberoamericana
Mexico,México City,Universidad LaSalle
Mexico,Mexico City,Universidad Nacional Autónoma de México (Mexico City)
Mexico,San Luis Potosi,ESIA San Luis Potosi
Mexico,Toluca,Universidad Autónoma del Estado de México
Mexico,Zapopan,Universidad Panamericana Sede México
Morocco,Tétouan,Université Abdelmalek Essaadi (Tétouan)
Netherlands,Arnhem,HAN University of Applied Sciences
Netherlands,Delft,The Hague University of Applied Sciences (Delft)
Netherlands,Delft,TU Delft
Netherlands,Eindhoven,Technische Universiteit Eindhoven
Netherlands,Groningen,Hanze University of Applied Sciences Groningen
Netherlands,Heerlen,Zuyd University of Applied Sciences (Heerlen)
Netherlands,Rotterdam,Rotterdam University of Applied Sciences
Netherlands,Venlo,Fontys University of Applied Sciences Campus Venlo
New Zealand,Auckland,University of Auckland
New Zealand,Christchurch,University of Canterbury (Christchurch)
New Zealand,Hamilton ,University of Waikato (Hamilton )
Nigeria,Awka,Nnamdi Azikiwe University (Awka)
Norway,Fredrikstad,Østfold University College
Norway,Kristiansand,University of Agder (Kristiansand)
Norway,Stavanger,University of Stavanger
Norway,Trondheim,Norwegian University of Science and Technology
Pakistan,Islamabad,International Islamic University
Pakistan,Islamabad,Pakistan Institute of Engineering & Applied Sciences (Islamabad)
Pakistan,Islamabad,University of Lahore - Islamabad
Pakistan,Karachi,DHA Suffa University (Karachi)
Pakistan,Karachi,National University of Sciences and Technology - Karachi
Pakistan,Karachi,NED University of Engineering and Technology (Karachi)
Pakistan,Karachi,Shaheed Zulfikar Ali Bhutto Institute of Science and Technology
Pakistan,Lahore,University of Engineering and Technology
Pakistan,Taxila,Heavy Industry Taxila Education Complex University
Pakistan,Topi,Ghulam Ishaq Khan Institute of Engineering Sciences and Technology
Poland,Białystok,Białystok University of Technology
Poland,Gdańsk,Gdańsk University of Technology
Poland,Gliwice,Silesian University of Technology (Gliwice)
Poland,Kraków,AGH University of Science and Technology
Poland,Poznan,Poznan University of Technology
Poland,Rzeszów,Rzeszów University of Technology
Poland,Warsaw,Warsaw University of Technology
Poland,Wrocław,Wroclaw University of Technology
Portugal,Coimbra,Instituto Superior de Engenharia de Coimbra
Portugal,Leiria,Polytechnic Institute of Leiria
Portugal,Lisboa,Instituto Superior de Engenharia de Lisboa
Portugal,Lisboa,Universidade de Lisboa - Instituto Superior Técnico
Portugal,Lisboa,Universidade Independente
Portugal,Lisboa,Universidade NOVA de Lisboa
Puerto Rico,Aguadilla,Universidad Interamericana de Puerto Rico
Puerto Rico,Gurabo,Ana G. Méndez University - Gurabo
Puerto Rico,Mayagüez,Recinto Universitario de Mayagüez
Puerto Rico,San Juan,Polytechnic University of Puerto Rico
Puerto Rico,San Juan,University of Puerto Rico
Qatar,Doha,Qatar University (Doha)
Qatar,Doha,Texas A&M University at Qatar (Doha)
Romania,Brasov,Universitatea Transilvania din Braşov
Romania,Bucharest,University Politehnica Of Bucharest
Romania,Cluj-Napoca,Technical University of Cluj-Napoca
Romania,Iasi,"The ""Gheorghe Asachi"" Technical University of Iasi"
Romania,Timișoara,Universitatea Politehnica Timișoara
Russia,Belgorod,Belgorod state technological university named after V. G. Shukhov
Russia,Chelyabinsk,South Ural State University
Russia,Cherepovets,Cherepovets State University
Russia,Ekaterinburg,Ural State University of Railway Transport
Russia,Moscow,Bauman Moscow State Technical University
Russia,Moscow,Moscow Polytechnic University
Russia,Moscow,Moscow State Automobile & Road Technical University - MADI
Russia,Moscow,Moscow State University of Instrument Engineering and Computer Science
Russia,Moscow,National Research University - Moscow Power Engineering Institute (Moscow)
Russia,Moscow,Peoples' Friendship University of Russia
Russia,Moscow,Skolkovo Institute of Science and Technology (Moscow)
Russia,Nizhny Novgorod,Nizhny Novgorod State Technical University
Russia,St. Petersburg,Peter the Great St. Petersburg Polytechnic University
Russia,Togliatti,Togliatti State University
Russia,Tyumen,Tyumen Industrial University
Russia,Ufa,Ufa State Aviation Technical University
Russia,Voronezh,Voronezh State Technical University
Saudi Arabia,Jiddah,King Abdulaziz University-Jeddah
Saudi Arabia,Riyadh,Alfaisal University
Saudi Arabia,Riyadh,King Saud University (Riyadh)
Serbia,Belgrade,University of Belgrade (Универзитет у Београду)
Singapore,Singapore,Nanyang Technological University
Singapore,Singapore,National University of Singapore
Slovakia,Bratislava,Slovak University of Technology in Bratislava
Slovenia,Ljubljana,University of Ljubljana
Slovenia,Maribor,University of Maribor
South Africa,Cape Town,Cape Peninsula University of Technology
South Africa,Port Elizabeth,Nelson Mandela Metropolitan University (Port Elizabeth)
South Korea,Asan,Hoseo University
South Korea,Cheonan,Korea University of Technology and Education
South Korea,Cheongju,Chungbuk National University
South Korea,Gumi,Kumoh National Institute of Technology
South Korea,Gunsan,Kunsan National University
South Korea,Gyeongsan,Yeungnam University College
South Korea,Seoul,Hanyang University (Seoul)
South Korea,Seoul,Kookmin University
South Korea,Seoul,Seoul National University of Science and Technology
South Korea,Suwon,Ajou University (Suwon)
South Korea,Ulsan,University of Ulsan
Spain,Arrasate,Mondragon Unibertsitatea (Arrasate)
Spain,Barcelona,Escola d'Enginyeria de Barcelona Est. EEBE
Spain,Barcelona,Escola Tècnica Superior d'Enginyeria Industrial de Barcelona - Universitat Politècnica de Catalunya
Spain,Barcelona,Escola Universitària Salesiana de Sarrià (UAB)
Spain,Bilbao,University of the Basque Country
Spain,Cartagena,Universidad Politécnica de Cartagena
Spain,Castellón de la Plana,Universitat Jaume I (Castellón de la Plana)
Spain,Ciudad Real,Universidad de Castilla-La Mancha
Spain,Girona,Universitat de Girona
Spain,Leganés,University Carlos III of Madrid (Leganés)
Spain,León,Universidad de León
Spain,Madrid,Universidad Francisco de Vitoria (Madrid)
Spain,Madrid,Universidad Politécnica de Madrid (UPM)
Spain,Madrid,Universidad Pontificia Comillas (Madrid)
Spain,Madrid,University of Alcalá
Spain,Málaga,University of Malaga
Spain,Manresa,Escola Politècnica Superior d'Enginyeria de Manresa
Spain,Móstoles,Universidad Rey Juan Carlos (Móstoles)
Spain,Oviedo,Universidad de Oviedo
Spain,Puerto Real,University of Cadiz (Puerto Real)
Spain,San Cristóbal de La Laguna,University of La Laguna
Spain,San Sebastián,TECNUN - University of Navarra (San Sebastián)
Spain,Sevilla,University of Seville
Spain,Terrassa,"Escola Superior d'Enginyeries Industrial, Aeroespacial i Audiovisual de Terrassa (UPC)"
Spain,Valéncia,Universitat Politécnica de Valéncia
Spain,Valladolid,University of Valladolid
Spain,Vic,Universitat de Vic - Universitat Central de Catalunya
Spain,Vigo,Universidad de Vigo
Spain,Vilanova i la Geltrú,Escola Politècnica Superior d'Enginyeria de Vilanova i la Geltrú UPC
Spain,Villaviciosa de Odón,Universidad Europea de Madrid
Spain,Vitoria,Vitoria-University of the Basque Country
Sri Lanka,Moratuwa,Ceylon-German Technical Training Institute
Sri Lanka,Moratuwa,University of Moratuwa
Sweden,Göteborg,Chalmers University of Technology (Göteborg)
Sweden,Karlstad,Karlstad University
Sweden,Linköping,Linköping University
Sweden,Luleå,Luleå University of Technology
Sweden,Lund,Lund University
Sweden,Stockholm,KTH Royal Institute of Technology (Stockholm)
Switzerland,Biel,Bern University of Applied Sciences
Switzerland,Lausanne,École Polytechnique Fédérale de Lausanne
Switzerland,Winterthur,Zürcher Hochschule für Angewandte Wissenschaften
Switzerland,Zürich,ETH Zürich
Taiwan,Hsinchu,National Tsing Hua University (Hsinchu)
Taiwan,Tainan,National Cheng Kung University
Taiwan,Taipei,National Taipei University of Technology
Taiwan,Yongkang,Southern Taiwan University of Technology
Thailand,Bangkok,Chulalongkorn University (Bangkok)
Thailand,Bangkok,Kasetsart University
Thailand,Bangkok,King Mongkut's Institute of Technology Ladkrabang (Bangkok)
Thailand,Bangkok,King Mongkut's University of Technology Thonburi
Thailand,Bangkok,Siam University
Thailand,Bangkok,Thai-Nichi Institute of Technology
Thailand,Chiang Mai,Maejo University
Thailand,Chonburi,Kasetsart University Sriracha campus
Thailand,Songkhla,Prince of Songkla University (Songkhla)
Turkey,Adana,Çukurova University (Adana)
Turkey,Ankara,Çankaya University (Ankara)
Turkey,Ankara,Gazi University (Ankara)
Turkey,Ankara,Hacettepe University (Ankara)
Turkey,Ankara,Middle East Technical University (Ankara)
Turkey,Bursa,Uludağ University
Turkey,Elazığ,Fırat University (Elazığ)
Turkey,Erzurum,Ataturk University
Turkey,Istanbul,Istanbul Technical University
Turkey,Istanbul,Yıldız Technical University (Istanbul)
Turkey,Kayseri,Erciyes University (Kayseri)
Turkey,Kayseri,Meliksah University
Turkey,Kocaeli,University of Kocaeli
Ukraine,Kiev,"National Technical University of Ukraine ""Kyiv Polytechnic Institute"" (Kiev)"
Ukraine,Odessa,Odessa Polytechnic National State University
United Arab Emirates,Abu Dhabi,Khalifa University (Abu Dhabi)
United Arab Emirates,Dubai,Birla Institute of Science and Technology Pilani - Dubai
United Kingdom,Aberdeen,University of Aberdeen
United Kingdom,Bath,University of Bath
United Kingdom,Belfast,Queen's University Belfast
United Kingdom,Belfast,University of Ulster (Belfast)
United Kingdom,Birmingham,Aston University
United Kingdom,Birmingham,Birmingham City University
United Kingdom,Birmingham,University of Birmingham
United Kingdom,Brighton,University of Brighton
United Kingdom,Brighton,University of Sussex
United Kingdom,Bristol,University of Bristol
United Kingdom,Bristol,University of the West of England
United Kingdom,Cambridge,University of Cambridge
United Kingdom,Cardiff,"Cardiff University, Wales"
United Kingdom,Coventry,Coventry University
United Kingdom,Coventry,University of Warwick (Coventry)
United Kingdom,Derby,University of Derby
United Kingdom,Dundee,University of Dundee
United Kingdom,Edinburgh,Heriot-Watt University
United Kingdom,Edinburgh,University of Edinburgh
United Kingdom,Exeter,University of Exeter
United Kingdom,Glasgow ,University of Glasgow
United Kingdom,Glasgow,University of Strathclyde (Glasgow)
United Kingdom,Guildford,University of Surrey (Guildford)
United Kingdom,Hamilton,University of the West of Scotland
United Kingdom,Hatfield,University Of Hertfordshire (Hatfield)
United Kingdom,Huddersfield,University of Huddersfield
United Kingdom,Hull,University of Hull
United Kingdom,Kingston,Kingston University
United Kingdom,Lancaster,Lancaster  University
United Kingdom,Leeds,University of Leeds
United Kingdom,Leicester,De Montfort University
United Kingdom,Leicester,University of Leicester
United Kingdom,Liverpool,Liverpool John Moores University
United Kingdom,Liverpool,University of Liverpool
United Kingdom,London,City University London
United Kingdom,London,Imperial College London
United Kingdom,London ,Queen Mary University of London
United Kingdom,London,University College London
United Kingdom,Loughborough,Loughborough University
United Kingdom,Manchester,Manchester Metropolitan University
United Kingdom,Manchester,University of Manchester
United Kingdom,Newcastle,Newcastle University
United Kingdom,Northampton,University of Northampton
United Kingdom,Nottingham,University of Nottingham
United Kingdom,Oxford,Oxford Brookes University
United Kingdom,Portsmouth,University of Portsmouth
United Kingdom,Preston,University of Central Lancashire
United Kingdom,Salford,University of Salford
United Kingdom,Sheffield,Sheffield Hallam University
United Kingdom,Sheffield,University of Sheffield
United Kingdom,Southampton,University of Southampton
United Kingdom,Staffordshire,Staffordshire University
United Kingdom,Sunderland,University of Sunderland
United Kingdom,Swansea,Swansea University
United Kingdom,Swansea,University of Wales Trinity Saint David
United Kingdom,Uxbridge,Brunel University London (Uxbridge)
United Kingdom,Wolverhampton,University of Wolverhampton
United Kingdom,Wrexham,North East Wales Institute of Higher Education
United States,Akron,The University of Akron
United States,Albuquerque,University of New Mexico
United States,Allendale,Grand Valley State University (Allendale)
United States,Ames,Iowa State University
United States,Ann Arbor,University of Michigan - Ann Arbor (Ann Arbor)
United States,Annapolis,United States Naval Academy
United States,Arlington,University of Texas at Arlington
United States,Asheville,University of North Carolina at Asheville
United States,Athens,University of Georgia (Athens)
United States,Atlanta,Georgia Institute of Technology
United States,Auburn,Auburn University
United States,Austin,University of Texas at Austin
United States,Baton Rouge,Louisiana State University
United States,Bellingham,Western Washington University
United States,Berkeley,"University of California, Berkeley"
United States,Bethlehem,Lehigh University
United States,Big Rapids,Ferris State University
United States,Binghamton,Binghamton University
United States,Birmingham,University of Alabama at Birmingham
United States,Blacksburg,Virginia Polytechnic Institute and State University
United States,Boca Raton,Florida Atlantic University
United States,Boulder,University of Colorado at Boulder
United States,Bozeman,Montana State University - Bozeman
United States,Brookings,South Dakota State University
United States,Brooklyn,Polytechnic Institute of New York University
United States,Buffalo,State University of New York at Buffalo
United States,Cambridge,Massachusetts Institute of Technology (Cambridge)
United States,Carbondale,Southern Illinois University Carbondale
United States,Cedarville,Cedarville University
United States,Charlotte,Central Piedmont Community College
United States,Charlotte,University of North Carolina at Charlotte
United States,Chicago,University of Illinois at Chicago
United States,Chico,"California State University, Chico"
United States,Cincinnati,University of Cincinnati
United States,Clemson,Clemson University
United States,Cleveland,Case Western Reserve University
United States,Cleveland,Cleveland State University
United States,College Park,University of Maryland
United States,College Station,Texas A&M University
United States,Colorado Springs,United States Air Force Academy
United States,Columbia,University of Missouri
United States,Columbia,University of South Carolina
United States,Columbus,The Ohio State University (Columbus)
United States,Cookeville,Tennessee Technological University
United States,Corvallis,Oregon State University (Corvallis)
United States,Dallas,Southern Methodist University (Dallas)
United States,Dartmouth,University of Massachusetts Dartmouth
United States,Davis,University of California Davis
United States,Daytona Beach,Embry-Riddle Aeronautical University
United States,Dearborn,The University of Michigan-Dearborn
United States,DeKalb,Northern Illinois University
United States,Denton,University of North Texas (Denton)
United States,Denver,Regis University
United States,Denver,University of Colorado Denver
United States,Detroit,Wayne State University
United States,Duluth,University of Minnesota Duluth
United States,Durham,Duke University
United States,Durham,University of New Hampshire
United States,East Lansing,Michigan State University (East Lansing)
United States,Easton,Lafayette College
United States,Edwardsville,Southern Illinois University Edwardsville
United States,Evanston,Northwestern University
United States,Evansville,University of Evansville
United States,Fargo,North Dakota State University
United States,Flint,Kettering University
United States,Fort Collins,Colorado State University
United States,Fresno ,"California State University, Fresno"
United States,Fullerton,"California State University, Fullerton"
United States,Gainesville,University of Florida
United States,Golden,Colorado School of Mines
United States,Grand Forks,University of North Dakota
United States,Grand Junction,Colorado Mesa University (Grand Junction)
United States,Greensboro,North Carolina Agricultural and Technical State University
United States,Hammond,Purdue University - Calumet (Hammond)
United States,Hanover,Dartmouth College
United States,Hoboken,Stevens Institute of Technology
United States,Holland,Hope College
United States,Honolulu,University of Hawaii at Manoa
United States,Houghton,Michigan Technological University
United States,Houston,University of Houston
United States,Huntsville,Alabama A&M University
United States,Huntsville,University of Alabama in Huntsville
United States,Indianapolis,Indiana University – Purdue University Indianapolis
United States,Iowa City,University of Iowa
United States,Irvine,University of California Irvine
United States,Ithaca,Cornell University (Ithaca)
United States,Jacksonville,University of North Florida
United States,Kalamazoo,Western Michigan University
United States,Kennesaw,Kennesaw State University
United States,Klamath Falls,Oregon Institute of Technology
United States,Knoxville,Pellissippi State Community College (Knoxville)
United States,La Jolla,University of California San Diego
United States,Lafayette ,University of Louisiana at Lafayette
United States,Laramie,University of Wyoming
United States,Lawrence,University of Kansas (Lawrence)
United States,Lexington,University of Kentucky
United States,Lincoln,University of Nebraska–Lincoln
United States,Long Beach,"California State University, Long Beach"
United States,Longview,LeTourneau University
United States,Los Angeles,"California State University, Los Angeles"
United States,Los Angeles,Loyola Marymount University
United States,Los Angeles,"University of California, Los Angeles"
United States,Los Angeles,University of Southern California
United States,Louisville,University of Louisville
United States,Lowell,University of Massachusetts Lowell
United States,Lubbock,Texas Tech University
United States,Madison,University of Wisconsin-Madison
United States,Manhattan,Kansas State University
United States,Mankato,"Minnesota State University, Mankato"
United States,Melbourne,Florida Institute of Technology
United States,Miami,Florida International University
United States,Middletown,Penn State Harrisburg (Middletown)
United States,Milwaukee,Marquette University
United States,Milwaukee,Milwaukee School of Engineering
United States,Minneapolis,University of Minnesota Twin Cities
United States,Mississippi State,Mississippi State University
United States,Mobile,Spring Hill College
United States,Monroe,Monroe County Community College
United States,Morgantown,West Virginia University
United States,Moscow,University of Idaho
United States,Mt Pleasant,Central Michigan University (Mt Pleasant)
United States,Murfreesboro,Middle Tennessee State University
United States,Nashville,Vanderbilt University
United States,Needham,Olin College of Engineering (Needham)
United States,New York,City College of The City University of New York
United States,New York,Columbia University
United States,New York,Cooper Union
United States,New York City,Vaughn College of Aeronautics and Technology (New York City)
United States,Newark,New Jersey Institute of Technology
United States,Newark,"Rutgers, The State University of New Jersey"
United States,Newark,University of Delaware
United States,Norfolk,Old Dominion University
United States,Norman,University of Oklahoma (Norman)
United States,Northridge,"California State University, Northridge"
United States,Orem,Utah Valley University
United States,Orlando,University of Central Florida
United States,Orono,University of Maine
United States,Oxford,Miami University
United States,Pasadena,California Institute of Technology
United States,Peoria,Bradley University
United States,Philadelphia,Drexel University
United States,Philadelphia,Philadelphia University
United States,Philadelphia,Temple University
United States,Philadelphia,University of Pennsylvania
United States,Phoenix,Grand Canyon University (Phoenix)
United States,Pittsburg,Pittsburg State University
United States,Pittsburgh,Carnegie Mellon University
United States,Pittsburgh,University of Pittsburgh
United States,Platteville,University of Wisconsin-Platteville
United States,Pomona,"California State Polytechnic University, Pomona"
United States,Portland,Portland State University
United States,Portland,University of Portland
United States,Potsdam,Clarkson University
United States,Providence,Brown University
United States,Provo,Brigham Young University
United States,Pullman,Washington State University
United States,Raleigh,North Carolina State University
United States,Rapid City,South Dakota School of Mines and Technology
United States,Richardson,The University of Texas at Dallas
United States,Richmond,Virginia Commonwealth University (Richmond)
United States,Riverside,California Baptist University (Riverside)
United States,Riverside,"University of California, Riverside"
United States,Rochester,Oakland University (Rochester)
United States,Rochester,Rochester Institute of Technology
United States,Rolla,Missouri University of Science and Technology
United States,Sacramento,"California State University, Sacramento"
United States,Saginaw,Saginaw Valley State University
United States,Saint Paul,University of St. Thomas
United States,Salt Lake City,University of Utah
United States,San Antonio,University of Texas at San Antonio
United States,San Diego,San Diego State University
United States,San José,San José State University
United States,San Luis Obispo,California State Polytechnic University - San Luis Obispo
United States,San Marcos,Texas State University
United States,Sankt Louis,Saint Louis University
United States,Santa Barbara ,University of California Santa Barbara
United States,Santa Clara,Santa Clara University
United States,Santa Cruz,University of California - Santa Cruz
United States,Schenectady,Union College
United States,Seattle,University of Washington (Seattle)
United States,Southfield,Lawrence Technological University
United States,St. Cloud,St. Cloud State University
United States,St. Louis,Washington University in St. Louis
United States,Statesboro,Georgia Southern University
United States,Stillwater,Oklahoma State University - Stillwater
United States,Storrs,University of Connecticut
United States,Syracuse,Syracuse University
United States,Tallahassee,FAMU-FSU College of Engineering
United States,Tampa,University of South Florida
United States,Tempe,Arizona State University
United States,Terre Haute,Rose-Hulman Institute of Technology
United States,Thibodaux,Nicholls State University
United States,Toledo,University of Toledo
United States,Troy,Hudson Valley Community College
United States,Troy,Rensselaer Polytechnic Institute
United States,Tucson,University of Arizona
United States,Tuscaloosa,University of Alabama
United States,University Park,Pennsylvania State University
United States,Urbana,University of Illinois at Urbana-Champaign
United States,Villanova,Villanova University
United States,West Hartford,University of Hartford
United States,West Lafayette,Purdue University - West Lafayette
United States,Wichita,Wichita State University
United States,Worcester,Worcester Polytechnic Institute
United States,York,York College of Pennsylvania
Venezuela,Barquisimeto,Universidad Nacional Experimental Politécnica
Venezuela,Baruta,Universidad Simón Bolívar
Venezuela,Caracas,Universidad Católica Andrés Bello
Venezuela,Caracas,Universidad Central de Venezuela
Venezuela,Caracas,Universidad Metropolitana
Venezuela,Cumaná,Universidad de Oriente Venezuela
Venezuela,Maracaibo,Universidad del Zulia
